Column1,Column2
7462,5131
604,5763
4073,2230
442,2922
5640,9264
2309,3051
9128,6979
7991,2964
5261,5025
9665,3368
9165,240
7137,8166
1817,8697
8059,8100
9180,8232
8747,8875
6362,7685
8525,3930
6658,9854
8100,6304
7346,2569
2046,5461
8323,8336
8666,1423
5744,1904
7997,2590
6807,9538
298,4191
6086,1703
90,7501
3695,1684
3431,6653
6198,7918
6237,49
3349,3862
7353,6934
4260,7170
9968,9855
1491,5717
4742,2181
6396,8879
3889,7610
6458,7261
3800,6144
7010,1047
7909,2683
7799,4759
9614,2130
6494,6573
258,2160
8468,424
581,1662
2088,8863
5099,3109
6769,7708
3753,7941
9148,1200
8052,5959
4182,3559
8456,7713
2325,2819
9457,5158
4759,5870
2654,9697
4516,5376
9605,7654
7862,5949
7531,5051
4670,295
9104,2969
5768,2383
6627,9876
5492,1523
7206,850
9625,6474
3739,9397
6399,122
3707,4045
606,5703
6928,6076
2279,9156
6646,8075
4192,892
6290,1342
4757,7778
8668,2032
9014,7324
7465,5174
9663,7273
7517,1038
5917,6426
2533,7431
2891,2722
6179,1714
8371,6054
5117,4758
886,7044
1292,1307
1524,9814
6794,7682
8872,3350
8502,7876
773,555
6124,5573
4733,8157
1408,6706
7004,9417
1698,9280
5420,7455
5829,5720
8700,2428
1115,4536
4895,8875
116,10000
3904,7063
5692,1213
4155,8663
4357,5882
4647,2477
9697,2590
9284,6994
3091,4082
9130,6135
875,6166
9093,3578
2825,4494
7320,7110
410,746
6249,8807
7605,621
8306,4165
4145,7155
9919,2380
1690,1886
8363,7177
2694,4372
7806,531
3501,4291
4123,1414
7227,4317
9349,5542
6693,2672
4333,258
3641,2101
6,5879
5478,2739
8421,7892
8292,2773
532,1022
2715,3262
7761,966
9458,2415
946,8011
3730,1381
7077,3860
4826,9537
2600,4695
4636,4606
2362,6621
1031,7290
2811,8590
9115,738
4374,2285
5473,6340
7971,8493
7856,1650
6986,6696
1098,4332
5479,2855
7367,9917
572,4891
2615,3348
5397,8450
2098,3454
2833,6778
9354,8572
3609,9478
1407,6057
800,3417
4870,1512
1306,3001
9715,7190
9273,7365
7117,7100
3089,2841
8178,4593
6328,5568
2577,4986
6992,8280
5995,4494
4793,5458
5721,7368
5958,9639
1337,1359
5545,8840
8368,4704
9701,842
2295,4097
1120,4435
751,7766
2965,9326
1652,1295
666,5415
5165,3545
930,463
8949,2161
8437,5248
6875,5500
9013,3819
1265,2465
2360,2187
5853,2715
6737,304
4490,3772
320,6000
9872,3793
614,4245
3828,7049
884,8039
8632,7969
2376,3551
4690,8619
8506,9954
4956,7954
680,3700
1479,1607
9759,2742
4666,1567
9856,5188
7533,7519
6829,5747
1855,8913
3204,6622
462,9810
6640,5523
17,318
6175,3723
4646,3707
8460,2222
4271,4285
8793,158
8069,4944
853,5797
8823,9958
405,1537
3695,8979
6910,2432
9291,8810
9180,6339
4003,3817
1401,2841
5655,6681
7772,8744
5448,8010
4039,3895
9833,9753
1476,6973
6856,6192
6143,3458
3877,3309
9213,1515
5034,3348
9334,3933
3081,1900
3636,9327
3007,9101
2453,2445
633,2279
706,5249
5171,5031
781,4126
122,1662
6854,9461
5791,2465
2782,4372
1913,4508
6954,9204
8910,3971
7917,9036
4789,1222
9344,562
4536,3193
6127,4191
6622,3678
9855,7619
5878,1330
5995,924
5831,9997
6491,2080
1993,2296
9933,925
900,4972
2699,2645
1378,2520
9608,1969
2854,4350
2614,4743
116,1446
6767,1339
96,2019
5535,7659
836,2200
3907,6665
4350,7039
6325,8401
994,9616
5940,1196
7258,7545
612,8297
1256,2302
5166,4597
6169,8323
4162,6497
2317,1080
7684,2153
414,3026
5205,679
3626,7727
2810,6248
8543,2183
6483,8140
3641,4925
2207,724
4886,9835
7721,1069
7188,7119
5189,6446
6888,8546
774,2808
8420,9138
3520,4382
1637,2208
2778,6432
8161,1141
6979,322
669,6020
7812,5460
5971,9783
5048,5781
6822,1601
1922,7292
282,4450
6801,7861
8579,7390
1527,2816
6452,2450
739,3519
6154,1254
9473,1087
3651,4105
5525,8740
6506,5626
6005,4173
1691,9741
2504,4919
595,1804
5723,7831
7831,7877
490,193
7487,6456
1309,6532
1027,808
8481,9841
9628,5622
3649,467
1815,7534
4941,4711
5790,34
5875,8992
7930,9973
4981,5506
9449,9121
362,1671
1169,8843
7077,4734
351,9379
3502,6738
9192,3277
1074,2854
9642,51
8477,8458
4058,6644
8969,3438
8393,6455
3718,907
4692,4145
4796,1497
2938,9454
4026,3917
3436,8057
3461,6054
8182,7491
341,7155
4066,9053
3066,6240
8029,8340
2858,7499
8008,8137
6595,353
5414,5020
3655,330
8773,4483
8359,5232
4887,3118
120,3654
9354,950
944,8571
3852,6228
792,5368
7939,5154
2129,358
2870,6784
884,9256
5874,712
2629,9492
6685,8913
9197,2510
5253,1604
6647,1175
9672,1120
846,7871
1391,688
7368,7219
9069,5742
4750,9179
9199,1623
6098,2568
1929,4194
6849,3442
7211,8480
3754,819
490,699
9227,5263
922,1062
7180,928
4866,9394
839,5041
6263,9273
7743,1497
610,1810
5550,6014
1704,615
694,7289
3641,2289
9667,5798
6448,3045
8417,6729
5633,2354
9190,4409
8607,37
9472,5577
1350,2336
4078,89
4121,1429
9252,1836
8192,1310
7286,7
2081,2239
4798,3862
1466,7509
9102,8946
7348,3371
7348,7020
2743,1556
626,3193
7732,772
9856,5720
7453,2294
6937,3164
7307,455
1376,6465
933,7969
716,8766
3881,6682
5952,3862
4637,1631
7516,6437
923,2915
4372,3397
1721,6993
9480,330
4693,8758
5501,215
1100,8794
4388,9439
5853,5871
3597,4480
8181,7364
7490,3795
717,6430
794,9452
9021,9255
5212,3675
8570,4705
7296,8304
2167,5520
1874,1229
4664,4246
7230,7071
6697,3328
24,4077
8973,6076
3428,6243
7945,1943
1702,768
4422,9968
9165,4710
3052,8887
5990,9815
3821,9995
2578,2426
8594,7872
7554,4670
8476,4433
9838,6267
3772,41
3873,3304
5831,6695
4312,9286
8251,6764
27,2801
7493,7027
6380,1662
7639,2879
8055,3438
3192,548
8610,4702
1169,6284
2126,6279
7422,1553
4073,913
8668,1443
8010,3259
7139,7544
9610,5606
4482,2520
89,9876
6548,1066
3777,9362
8004,959
3816,9808
5384,155
731,2335
3617,3074
5536,3568
5702,2826
1982,7243
8007,3262
5286,2458
5175,1556
1744,1206
3528,9282
9132,4664
4509,9906
6383,5569
4499,3710
486,9173
6524,6686
8015,9273
3936,1388
7909,2017
3453,4152
8289,4967
2356,4185
2429,229
3706,5084
8265,2276
2751,2091
4198,3298
4405,4904
4035,8624
8297,2435
1288,4689
657,2738
7022,7350
9679,5399
394,7058
921,6959
6361,5270
455,7522
2209,3801
8887,424
7585,5257
3215,9928
6870,9020
1045,6088
4268,2099
4407,3662
5875,6386
4235,8550
8114,7895
7250,7885
1320,3958
1634,1698
6270,3689
172,5070
8942,4084
3429,6082
5998,3278
1315,6805
5919,6566
9048,6947
2924,5842
7606,2772
7265,7923
6762,3639
5577,7130
3423,9965
7536,7946
7400,9330
6840,7228
1328,6515
3880,5230
5362,8821
1696,5842
9054,236
6996,5665
5121,9145
4831,4161
3648,2445
4733,2142
7356,4454
4508,8086
7979,7245
9479,9493
9764,8527
925,626
7833,4138
7015,8660
2013,4049
8335,4648
7446,5695
5165,7949
4122,2093
3936,8553
4332,6949
7605,1436
975,9606
2600,4674
2397,6533
105,4369
775,3476
8006,9694
7518,1187
9358,932
4100,8263
4123,3487
8544,1579
8088,5661
3698,8271
2255,312
7290,7604
345,4395
7277,9245
4183,8345
4314,6029
4936,4281
5857,8093
2646,5302
6681,3926
314,3934
3069,9796
5519,2578
1537,2253
2300,8111
9018,3919
8810,2346
6355,4160
6218,406
9913,9526
4685,4646
751,3823
8454,9148
9793,1799
2272,1787
3602,9094
3600,6201
6788,2640
5133,5746
1650,6787
4140,4527
6598,7961
1181,1419
2990,3035
9652,360
5731,660
5630,7950
5556,9297
4145,2543
1643,9241
7201,8030
5376,1516
1801,1334
4402,1307
3091,7657
6743,8251
2394,8754
5377,7693
555,2544
9224,8679
5986,2877
2618,9066
4132,908
3326,7625
3516,7208
7376,8268
8431,9831
8614,1594
4115,2956
5199,3406
5770,1846
5620,3939
2066,9850
8623,6249
9857,9867
9982,4571
4549,6921
7878,4785
4987,8257
9043,590
6234,7902
5897,5414
2464,6752
1592,5638
2204,8162
419,7383
240,9237
9562,6624
4995,3781
6013,4763
666,3609
9950,3284
3363,1895
8619,1455
1263,5813
507,7381
8074,9731
3098,8318
6133,4248
5909,1747
9502,8310
6473,4113
4265,6760
9595,3131
673,6976
7203,5955
993,1415
3047,239
9452,6657
4700,8166
4700,805
6314,5106
5438,1982
3224,6878
1394,439
8331,4178
6293,8283
9842,291
9049,4757
8736,5337
8562,6510
5326,7626
1492,8857
7491,9599
2497,8500
3646,4790
3968,4474
8809,8807
2778,7470
4456,4176
895,7175
6845,2541
3564,4528
3846,4391
3306,2175
1318,9356
549,8092
854,735
9665,892
8510,5076
9410,3199
1953,2054
8456,9292
5416,1407
1218,1134
8444,9866
4335,3951
7795,3586
8870,99
1548,2807
9675,9380
6066,3466
5068,7080
7905,6705
3774,1956
880,9372
3465,4657
9469,2955
4690,5804
5973,7591
8873,9579
8841,1545
3699,7311
3359,2694
7587,100
3475,6464
550,6553
8355,2279
9743,1820
4658,5529
2810,2323
9549,1828
3203,1629
8211,5369
4717,9406
3479,300
8734,3206
5252,9412
2875,2761
1122,7912
59,6228
4161,6127
584,5060
6915,2465
940,3281
9966,2319
8545,639
9138,7002
7462,7346
7069,9723
6334,2486
2059,1232
4125,3278
4596,4980
2865,4134
55,6792
8123,3114
1663,2665
3321,8164
1561,3678
4415,4368
6976,5619
9255,5019
92,357
6373,9923
6688,8631
3865,3758
5055,8823
4241,3312
4247,7765
2870,3259
7690,883
7864,979
9352,4458
716,6404
213,2637
4681,5031
2155,9684
7185,3530
6178,2802
705,2303
1788,7700
1146,8338
4647,6460
8432,8206
6608,7264
5818,4154
8440,3116
3598,5125
802,1061
139,4042
7282,5172
7948,3765
1535,3203
928,2668
5371,9694
5681,8546
6587,6798
8147,1245
3763,3338
3572,3247
9691,3857
5317,2428
8756,7424
7656,7100
2754,7875
9237,8198
7727,5463
5756,135
9907,7784
8559,7579
99,2626
6490,8093
3968,3287
2951,6576
7755,286
505,4627
6982,7492
8641,1255
909,8421
1087,2584
5897,3320
2402,7283
6793,5495
2285,8654
6250,1641
5995,717
2086,6053
5820,7854
7825,2938
1390,5642
4252,1220
4937,7062
1509,1881
122,4645
1693,7150
1222,4004
9943,5136
7264,3117
7044,4161
3776,8439
9452,4368
6391,5857
9398,3687
6311,7066
285,8740
750,571
2249,7139
4465,5165
5442,9574
3733,3908
756,9945
1114,2662
1793,5901
7766,7492
3989,8704
8033,2461
2613,7547
1858,6690
260,7410
3620,3574
2232,8184
9656,6292
3309,9693
4626,9457
7570,4959
5777,6100
6131,5325
4384,1663
4536,5262
6700,4278
5359,3570
9232,7442
5555,1542
5888,3404
6720,1801
2060,2652
4312,8797
5732,5488
888,7949
4549,6385
4006,3235
7966,7049
3112,3077
8243,9160
357,4068
2778,8628
7036,1130
2918,6263
6731,2279
9216,9232
2036,2571
2949,1287
9652,74
1565,2408
4491,8680
3059,595
8467,4060
9906,5828
233,7175
2745,4391
1342,7015
1401,3151
5551,5450
9730,4794
6965,4588
5370,7776
8284,6040
3154,5049
7939,2778
3753,8167
9745,5050
5282,6443
8978,3107
8208,9594
3062,6950
5286,1462
5635,3581
1363,378
8002,1342
6341,1651
6695,4687
8485,5506
8557,6728
9886,3794
4671,1441
4460,5575
9629,1894
125,525
848,181
2958,9433
7260,3792
4142,5123
7093,2203
2509,6292
2088,146
1058,5027
811,8934
7349,4271
6848,8884
4866,8499
6941,6051
7617,8306
6683,4391
2818,1964
5018,9828
3334,4851
2172,8854
4072,8804
8378,5853
3647,2143
4268,2613
2405,4327
5133,1831
9001,4628
2057,3227
9653,3583
610,641
7475,8818
1198,3884
6872,293
8573,6159
1447,4057
2075,1099
7903,2532
1656,7451
7987,4719
1950,5350
6419,9589
7232,4761
4059,9620
9415,4348
2753,555
1199,2849
7763,8415
45,7206
7658,9296
4524,2088
3450,9197
7433,6652
4281,5790
386,7067
1070,8565
3037,6872
6777,6889
1022,3167
3286,6270
2138,6034
9495,8519
6336,9633
7742,3469
9497,9055
477,2270
5997,9770
7264,2787
2018,1911
1512,4406
1353,9929
849,4628
2795,7399
5585,4613
8363,587
7217,2982
2147,3160
9791,2683
9539,6396
7272,7411
9094,8386
6184,4389
7528,2855
7847,879
2596,4644
4071,1102
8335,4009
7811,6620
7635,3281
3739,1859
5453,4448
7188,8290
1806,7705
7647,2487
9366,7043
3607,713
6548,5580
9544,7066
7032,1836
5993,4193
7043,8575
4212,5225
302,8196
7624,2567
2261,2849
5603,8373
1885,6995
8829,4238
8694,2307
8706,5223
2465,2535
8049,9674
1974,1791
5697,475
2915,5689
1690,6001
3262,753
1698,6477
1271,9738
4309,2131
7171,1808
2354,5588
972,6743
8892,5899
7998,3992
7505,2680
5718,4941
7553,4177
2946,2331
8293,2534
7490,2979
2936,4250
1474,6224
953,487
4512,8775
5483,253
720,5701
4197,8929
6681,300
3420,597
9859,7955
9664,9010
6799,8028
9809,502
278,9562
9578,5525
8986,6419
2150,2778
116,5714
9138,1589
4496,333
8156,702
4514,8537
7706,7257
6482,5539
8845,9951
7688,9702
9213,1608
7514,7512
6507,5373
4949,109
8397,299
8062,1085
682,5779
3120,8585
9403,155
2911,3647
3540,9526
4704,5679
2911,7099
8195,7147
7081,197
8495,8998
3532,344
2011,3202
1598,8173
6587,7120
2593,7322
581,2497
4282,1587
828,9461
6785,7986
7233,178
4541,7862
6178,6915
2581,6011
4619,2435
7389,880
31,2026
3089,5217
5937,2314
5958,9483
7549,7661
9698,4333
2896,7195
4286,3342
6057,8440
1684,594
3959,540
1441,8480
7163,2193
8549,9855
8027,9548
7876,5256
6064,3644
1977,7245
9182,4573
7662,9532
3402,2023
5277,432
3214,5220
5702,3283
4879,34
4908,7617
8324,3240
1074,3148
2289,165
7130,1260
3187,908
3653,7902
4661,8942
8498,8850
2536,2274
4035,5400
540,8192
4285,9027
5662,6291
7230,7083
296,1299
3130,1372
4949,5796
5846,6575
7136,4555
7503,2709
2126,9191
2049,3122
7926,6993
2903,3649
5905,6894
9007,9664
773,8216
773,9845
237,7790
8264,5079
7394,967
1335,6492
9857,3909
9781,9043
167,3340
1342,6275
188,4777
1437,6045
5052,9309
432,9010
7365,7203
8136,3313
7553,6057
2385,6305
6164,1014
2918,7104
2123,7575
8671,3965
1463,996
2788,9264
2341,4613
676,2072
650,8720
9449,1172
5299,4896
8343,3126
5641,9875
8815,8596
1040,80
5246,1207
48,2721
5984,5508
628,2416
2311,6424
6202,7356
9960,218
8599,3264
6419,580
6275,3876
1347,9360
6124,3078
5955,1026
9918,9723
611,333
1112,7281
7130,1305
8679,3112
3685,4499
3268,1377
8651,330
5906,9090
2201,3477
6479,3383
1902,2975
5735,6162
7907,5705
476,3213
5154,8698
1080,7159
4804,9992
8765,8663
4127,4498
5753,7867
9266,1515
8883,3220
8155,9271
5085,3735
3138,228
1934,8062
3353,2141
976,7410
1431,6760
3646,6199
5455,471
1538,1197
2145,3746
3247,9944
4539,7971
588,6318
8123,6899
2307,8232
1468,434
7229,4298
6232,6116
5841,2388
9366,5065
2203,112
9171,3120
9898,6384
7134,1962
1911,7493
8132,45
9321,6482
9797,7606
4303,8892
3741,5544
4873,9743
8662,9757
8621,1873
7688,1263
1868,1870
3180,2760
2882,4064
3969,4525
2078,3525
4600,6808
4924,9171
3906,3658
9764,4950
6863,1860
1020,9289
3575,8726
8412,3449
2528,9640
8115,5647
5377,9006
478,4696
5898,9737
1471,4437
584,4124
1422,2540
1055,339
7346,6095
8796,8484
3423,4530
1902,2145
9884,2409
6978,8641
3852,7961
2540,6863
792,7141
131,6902
5106,853
3111,3923
8393,7548
811,9245
5769,9762
6744,2666
7284,9062
2253,2865
4931,9341
300,4557
7608,3156
6264,3235
4827,5201
5206,4444
9198,4920
3350,3852
1610,5508
3624,7000
7979,8259
4436,520
8008,8271
3440,9415
9801,2609
5570,4551
5758,159
2167,2138
6960,9148
5598,2061
8800,3717
1311,8538
4237,5435
9345,4007
9872,2758
375,6413
1648,2958
9746,7423
8182,2310
8025,749
795,146
9331,7213
4878,5260
2898,9354
8370,5380
4126,2313
9082,2047
5541,9486
3892,2340
8811,9230
8117,3062
4319,2461
3513,5716
4522,6080
4356,1045
8487,7640
7904,910
3321,8837
8032,4273
2389,4871
6052,9167
8965,2101
3335,1321
6854,2368
9625,4660
3819,8865
1480,3038
3902,2108
2589,9071
4728,919
8538,3168
6678,967
7390,2047
3149,2949
7284,692
6375,6390
9558,6122
4330,7069
4656,9383
3622,9001
9498,1970
8200,3341
4599,7015
5538,302
3768,325
586,3672
7112,269
1963,5932
2811,2462
277,8690
8176,4959
3648,3798
5029,7442
7272,3050
6316,3260
2951,6235
5692,430
2583,3412
8176,5958
7612,3569
126,6593
1492,1579
903,6853
6115,5218
3537,6142
5459,3095
9687,1245
1209,471
3110,1026
1207,7145
6369,2794
6594,3586
1351,2411
9935,3561
2586,6678
2648,1725
8385,759
1572,989
6163,5808
4319,3154
5660,6671
6014,2665
2282,1894
9413,6049
7962,599
7263,857
4558,9919
4440,1879
5270,8975
5947,6427
1542,980
8200,1233
285,490
2899,8914
957,8354
429,1117
7341,5780
6025,7986
5748,7804
5586,8151
1960,5975
326,6775
5723,7740
1936,7906
9687,5852
2247,8334
6292,3032
1240,7043
795,2782
7355,6642
3482,9569
5119,3648
1881,2407
1231,6662
6467,701
9823,6302
9962,6887
1117,3091
4289,5051
7472,856
2903,3921
3054,8063
8831,622
8314,7714
3484,2864
9674,3383
1908,7668
8941,889
4044,2441
3754,2318
1209,7723
2722,822
4888,1574
199,7959
9016,4054
3914,8325
635,2463
7874,5287
7758,3431
3672,3559
9864,1019
5402,3482
7669,6975
9447,7037
7830,8012
499,3962
8277,4006
7047,9065
7397,5439
3744,8491
6708,978
7219,5499
1593,9932
3417,3109
8358,3979
8293,5874
8215,6993
2110,4081
5980,9260
5654,5573
5904,2321
2785,1252
7683,7854
8675,2502
2021,7561
8954,8170
387,8107
6365,8860
8770,3464
2430,7893
9878,7949
4952,8664
1429,902
890,2906
8992,597
6088,2096
3691,1212
152,6535
9639,2786
4708,2338
519,1284
805,596
1223,8252
8774,691
4583,7598
4575,6216
9948,2408
9082,3774
2296,4698
1899,4688
2304,1275
8675,4945
1196,6985
1612,2259
8315,3975
7889,3490
2517,1809
4129,9528
1697,8975
5994,8404
8219,5090
2850,2185
2123,2276
7897,7621
6619,4
7275,916
1750,1315
7140,6706
5480,299
6397,3488
1017,9350
8109,8055
4644,8716
6812,1579
4042,710
9623,568
3803,7205
5553,1143
156,9042
1403,8785
5626,5137
8589,6913
923,2337
1865,8524
4177,8025
7950,3590
8257,1805
9971,1183
5015,7779
3129,6538
5106,2117
4962,5988
9418,428
5744,3172
6099,9151
5609,4251
8807,7899
7484,2634
3848,7013
6799,2868
1236,3684
9308,9567
4611,9091
5754,2293
8916,8573
9542,6694
7964,770
1855,5766
990,6650
597,7136
4739,6796
7008,9316
8891,2923
9907,2418
6039,6703
7111,8845
7744,9447
8641,3515
3047,7879
7609,5097
8626,2158
6636,2420
7390,1654
2660,6456
9008,7916
1423,1564
3757,2205
9857,9510
2590,2923
6527,5383
9783,9257
6508,2060
2066,1680
5263,9729
3113,6920
4310,2195
2296,7748
7274,411
8503,7714
8394,8126
1080,8214
6724,4793
5528,5005
6324,3764
4011,3136
2775,6294
5875,4527
841,1408
8207,6924
5955,3579
8411,989
7438,4599
4875,2496
6774,4184
8239,2045
5422,681
9389,6295
5742,664
9481,8104
3721,7922
6592,9514
6004,1615
958,4067
6474,7914
4312,9070
2190,7779
9666,3471
1931,241
8250,3704
1362,2686
4636,3507
1078,490
9075,9764
1513,4372
9428,4102
6302,326
8459,6047
7115,9335
683,5490
5027,4421
7448,656
5992,5736
8727,3760
8987,721
5951,6511
4305,6313
9743,8691
7350,1113
5659,8065
120,1255
9674,206
6311,841
1695,2070
7526,9113
5751,9370
5671,8909
9586,142
5165,1770
1896,6
9147,139
1538,4577
781,2836
4567,4903
5693,3164
1786,4117
975,5484
873,6012
1461,2520
2705,5108
7941,7730
7770,5549
2145,2633
847,4505
1272,853
7740,8000
8777,9436
650,5232
5912,2924
3036,4357
1751,9978
6333,5567
5849,78
5471,5598
7841,7757
7162,9385
8358,3574
6697,7067
1321,465
6113,1132
812,5559
4931,7643
3828,3564
6017,6328
585,8829
1380,4024
896,2121
4999,6518
1976,2053
2783,2619
8627,5561
331,2535
5279,8475
7514,6277
6971,4401
2453,8602
9561,8972
457,6660
9463,5864
4552,471
3346,4366
2858,4874
7641,6990
5201,7452
9439,3422
363,3884
2302,7772
3824,763
9610,7082
8845,1958
9037,616
8946,4601
8702,9065
6828,4654
1790,8266
3444,5531
574,4819
2477,4421
7904,6128
1774,4444
9749,5041
6853,8669
5734,5832
2404,4206
3330,4819
1102,2390
2899,359
6741,2051
7753,3142
8933,5238
4449,5324
2406,2252
1986,8607
9205,4199
7032,1928
3507,7322
1425,8995
1744,4846
4394,5001
1025,4793
752,4576
7246,2989
1460,3231
5417,9811
3809,9710
2496,5144
773,1187
7084,7109
7133,3854
5602,4317
264,7691
195,7541
1392,3138
6244,1101
5985,8733
325,8609
4323,1120
6658,741
2946,8661
7420,8706
279,1731
2191,3958
2291,8023
7684,3701
6342,8204
2310,585
3209,1129
2772,6265
6059,605
5813,1472
2030,7595
2688,8365
8967,7821
4855,2522
900,1895
5360,5386
9554,740
893,8422
3254,1801
8811,7461
6760,6861
8479,5839
3930,2020
8472,4471
6444,7023
8504,824
6600,7695
8331,1007
2179,2261
5815,5190
9413,7648
7230,1360
7112,1166
9103,5814
7114,9834
3549,2594
9075,3377
3341,4047
7080,7656
6742,459
926,7434
4109,6852
2445,9900
2197,9832
207,9731
5377,7767
1223,714
1718,8466
5850,2579
6788,1303
3251,430
8354,4219
5783,4630
7551,4019
6204,4584
2144,7130
4161,4190
1882,8366
870,7386
2041,7623
9014,8716
1166,259
2845,4615
1704,941
8077,9931
4128,9209
7265,435
3861,7137
7878,9142
3032,4440
5329,6524
3169,7340
2532,8094
3262,3373
163,8702
1151,200
3331,7017
2790,2192
9341,803
5750,7456
2719,3793
938,7033
2123,7401
6866,7573
64,4254
5908,9810
1058,8030
3718,40
3800,1622
9844,5693
3333,1494
809,5876
5426,4135
2160,5426
155,394
8377,1714
1081,3326
214,8725
5903,586
9057,7852
2243,8432
5632,4705
7664,8506
7896,4413
4882,6323
6711,8655
464,4161
5571,1238
8391,8031
9588,4025
7209,2243
2080,9705
6897,7114
1911,4639
6184,8099
8138,8011
5217,2466
9918,7032
1710,6949
7477,6443
2898,8404
6651,8725
5337,2231
8081,2540
5149,8960
466,7900
8843,7009
1079,4486
3008,3164
9444,3957
2766,2317
9288,4209
7214,1556
768,4732
9559,9688
4582,6348
1902,6571
6744,131
3633,4478
8728,7795
1454,5828
530,4033
8180,8202
6310,5002
7910,1381
6669,8466
6456,3429
5873,3287
9455,5454
206,3391
9291,679
804,8366
5483,4712
3158,1628
4988,9757
6048,8061
7737,1736
3610,5313
3900,9825
6225,6510
6690,7537
9528,3075
740,7970
2620,2913
3130,4182
8451,1198
6460,9203
1943,6921
1799,5249
3510,5704
4914,8621
8514,5165
6060,9703
4902,2291
4094,4485
3233,9280
784,3563
8159,8593
3670,7306
1648,2024
5193,6235
5064,801
9965,9272
7101,1054
7942,19
6152,8654
2604,1713
4263,6378
1702,4772
2250,6921
1134,521
3455,2889
6126,8999
344,7069
2872,6278
4945,1346
8271,8194
2870,4095
6205,4653
6543,1159
4746,9033
5291,595
2637,4861
10,5408
8640,2412
3428,8689
7077,6563
8,5173
8190,7016
7911,468
3532,8026
8549,6541
6365,2692
156,9906
278,550
3701,1364
9794,9985
8252,1941
1324,3919
1869,1955
9841,6994
2206,1149
2969,1299
2513,9747
5005,2860
4428,7618
5502,7275
5391,8628
3943,3369
4054,8725
8756,491
9705,220
5608,735
4934,4782
7838,2511
1709,2536
6,1818
5948,4558
6090,3150
8466,6430
1300,4075
1103,2480
5017,6411
2880,2150
1953,9911
350,2662
6512,8945
2604,3709
5887,6431
4821,2680
428,8391
2251,1007
1307,5729
421,6197
1974,6985
3323,5562
6137,5498
4621,7203
7894,5499
787,3383
9271,4813
6276,228
6316,7256
7399,406
7847,8164
5684,14
872,4187
1554,7371
3157,9961
7444,3164
595,7715
40,1540
838,6336
8930,8876
1194,290
1943,7286
4856,1449
3403,2449
4751,3262
4101,1517
8758,938
6282,2860
1492,4554
3224,551
3475,2060
7902,3350
3270,2842
7744,6364
7197,470
6491,8326
4754,3551
5469,7205
3323,9752
8993,482
5052,1740
1543,2839
214,717
7346,7771
2199,7734
1778,887
9304,2950
2251,212
3898,4912
6331,1089
8211,8021
9090,7467
6445,5224
9474,1943
3210,6730
9753,2189
482,3118
2409,7272
793,7278
7800,7454
5262,9658
7939,2480
8864,7324
65,3681
3522,4271
7257,1090
6132,1241
4772,8480
424,4385
6125,222
3254,3779
95,7119
1286,4756
4875,3520
7196,2040
4870,8675
6781,8439
3636,2414
6314,4573
5276,1360
3131,2813
852,9232
1391,1432
1958,4862
6930,6142
6961,2394
9993,5406
1061,3027
6224,3052
439,5465
1309,6834
8974,8938
7050,4271
5728,7088
9939,7181
8656,4520
9912,3185
1180,4027
544,5718
5839,6424
3466,2
6997,1153
9017,4965
4951,8373
2324,7141
8917,8900
139,3924
5525,3460
5908,8601
2297,7685
7282,7286
6473,5755
1624,8896
7753,5454
9240,1974
561,8088
2646,4266
1348,855
8393,9223
2083,9074
9010,7143
3712,4681
7487,3921
3105,9956
1299,1285
4547,8014
4683,673
8544,4031
4330,2378
6037,1229
1902,7695
7534,1839
6823,3704
2048,6735
1883,6076
8802,2096
9119,8928
1059,8109
1394,8520
8613,6982
1459,3167
7670,6254
1944,8860
1647,6315
9980,5895
1223,3675
9130,5109
6421,1095
2043,7238
5816,5619
5904,440
165,2720
4700,535
8465,6676
3590,8094
2646,3452
6617,7385
2087,5217
7169,1979
287,4176
4312,2821
1326,1998
7208,2962
8191,3894
5511,9713
8576,3808
9959,7145
2681,7582
9509,2926
2723,2983
2863,5691
9693,8789
782,847
401,4890
7281,232
8479,7518
430,6472
4964,5895
9919,3117
7652,4146
8817,4245
5420,4616
2527,2534
4710,967
889,1782
7184,1523
9633,6632
7651,2375
8217,8956
3113,2831
2276,2819
2312,6241
2557,4403
2703,5794
735,9799
4910,5418
7713,9185
3364,5554
1023,1784
8486,3342
2889,9247
3871,9334
9654,7915
5876,3685
4026,9707
816,7187
3935,2688
1934,1642
4267,2155
5383,1463
3528,3109
2541,2818
4259,6552
5008,6949
2419,3866
6187,9951
4278,5551
5544,4102
2926,3704
8967,5045
2016,6565
832,6598
6966,314
5772,8913
4852,6045
1296,4286
3733,7411
7111,8410
5277,4971
4643,1043
5668,9854
8620,4916
7987,2144
9411,5957
9159,7210
5133,9385
1184,8498
416,9917
1736,5872
7039,2288
3735,2403
4171,9564
5243,4610
6448,4675
3294,6727
8960,8671
1535,5102
9286,393
1327,4631
5237,9842
7395,2606
4683,9093
7428,1804
5686,6974
7229,3361
2183,5297
7845,3755
7364,3124
7437,9758
650,2109
1352,440
5369,4947
2668,2426
4939,7311
4326,9286
6113,3547
4589,9657
9950,9704
8910,379
773,1874
5631,387
1562,4181
9178,3338
8876,7746
2785,2350
3688,9612
8092,795
3429,2058
7444,9191
3994,1893
367,2709
8102,7691
5150,1326
8149,9734
2200,6958
1684,5145
8321,2049
3557,8182
5245,2609
5294,6222
634,6233
4457,8913
8382,8014
5814,8020
461,5024
9165,6521
5307,834
2175,3289
2013,4879
8195,4295
7027,3484
7470,5109
9165,1534
5364,4487
1075,3205
9160,7002
6819,5168
7713,1187
2376,5455
7961,9676
382,8075
6793,8110
7161,408
3729,2309
9342,9734
6518,9422
416,8696
5468,7152
7152,1140
7106,9684
4753,8440
9029,4794
7167,9502
4541,9959
7600,7685
3114,4977
2196,583
4552,65
7357,1193
2068,3726
5791,1740
467,3039
4740,2281
4141,4242
9727,3663
1640,6638
8580,7848
4329,5224
6573,7796
8345,5220
1826,2695
8977,6921
5435,2756
6169,9471
3793,9824
8811,2782
4611,280
766,6608
2337,7964
9196,8378
8523,4642
7996,9367
3494,6553
5413,8413
1165,1098
6852,8971
7602,8655
6743,359
1277,1043
3158,914
2222,3045
1541,1000
1520,319
104,8649
8572,9602
5704,3314
9007,6721
1781,6618
5796,1757
5175,1613
8500,4937
2412,7444
6585,7085
8389,9351
3293,286
7505,2543
951,6357
3631,3732
6600,4621
9838,1781
6679,4345
8608,6989
486,1593
8139,6642
2339,7001
2438,6563
23,3746
483,8082
896,5028
9596,2372
2121,7114
7921,1565
2956,7082
6066,133
9953,8383
8286,3043
4028,8574
3379,8636
5245,7892
5145,4192
8229,8688
8137,4895
7478,1634
2489,3843
9140,3924
279,4828
5835,1435
1640,7831
6961,77
932,8097
1483,4791
1204,4874
1307,8427
4441,5351
3405,458
4390,2952
6454,4660
2729,4696
5937,8184
389,7008
6109,2535
7684,9879
5253,3035
6758,2357
1273,1379
4080,3407
495,6974
8162,5186
7116,7079
899,9370
1126,3123
8838,4208
9500,2955
4816,4873
9718,2843
9609,7785
2546,8634
9833,4726
1791,9083
3039,7856
2095,9610
2890,1623
3132,9747
4710,1868
1257,5228
529,1277
6740,3077
1229,4801
844,1103
8839,6562
1869,8079
2436,5916
9619,7763
976,9570
5143,5128
7756,2074
3742,788
2668,4516
7415,8173
7887,116
1715,4979
890,283
3280,3062
2030,4072
2097,6526
8610,9066
4493,7673
389,8764
5400,2872
9271,1868
9534,7502
6230,5728
9404,8216
2281,8673
5437,714
343,6433
5697,2141
2025,6208
3888,160
811,7406
563,825
4006,3730
328,2997
5494,8412
7866,1116
5448,8740
2248,705
2715,9009
2901,3405
2930,8848
1665,561
5863,6651
8042,4698
7245,6728
1615,109
5028,4684
1514,3398
5371,7333
2649,8997
1646,6934
209,409
3010,1440
1106,9823
261,9077
4417,6010
7207,3594
9202,828
1540,7291
7801,5567
4934,480
2301,9856
3114,4026
8431,3767
8565,6569
6537,9347
8088,212
9316,8211
7139,3775
6880,2420
4029,6490
808,6622
7997,2025
1948,4777
4461,971
9952,1865
1403,4775
4208,9083
466,5196
9867,32
4718,1838
287,3569
9526,8129
1349,9062
6588,8655
8588,1344
3542,7907
6869,5342
4689,792
3010,8289
9054,6076
7927,6668
9471,8849
6266,8180
4669,3693
7868,3086
4177,3777
6122,3762
4365,8489
2945,7033
1787,1464
1743,3984
8163,9649
4153,455
92,3497
38,275
2759,7615
1589,1139
4923,586
3554,5838
230,7937
3422,7903
9616,3431
7519,1531
7775,3979
7342,9978
3938,7964
3681,7333
2146,2875
4801,6056
6422,5740
349,6380
8379,2265
2615,9139
5110,2487
5996,5283
4079,8878
3756,4773
5709,1380
5204,5200
7408,9279
7812,2661
9984,8058
4355,6612
5176,6289
718,9373
732,518
1478,4784
7661,848
1247,6603
9141,1271
7845,4422
8273,4892
3575,380
3786,2746
9793,1814
5439,3870
2097,1705
1027,3403
6345,4894
8069,8676
760,3971
3696,6507
4042,4061
7788,5272
7486,5754
3257,4564
1882,2327
617,1322
2228,606
3613,7604
84,3998
9189,2208
6209,6584
6645,5318
6693,2588
7197,7345
2988,356
5483,3083
6709,6993
6859,5840
1588,1580
2067,7842
6568,605
9307,2178
1426,3288
5633,2405
6039,1891
9642,9509
7046,3702
4744,8456
6529,6915
1656,2932
4458,7293
5920,778
1988,9814
2578,3086
6431,7175
3201,950
4768,33
3157,3253
9151,9042
8264,77
7643,9805
5186,6844
4117,786
9755,3576
2271,8856
2617,4250
567,3471
1423,3136
7968,9655
5204,8623
9865,9134
9419,2206
2739,1615
3898,7056
5847,7482
6657,9105
6919,2421
7295,3565
3773,8949
4306,8011
7644,9443
3384,5670
2198,5490
6588,3015
7604,2127
9689,2026
2871,7843
662,1749
3133,1459
6785,8445
3756,1327
1767,4995
9168,6698
6132,3042
2078,5356
4944,4050
630,7195
7548,1947
8672,1513
1714,169
8473,9843
765,360
1601,371
8904,8134
3387,2498
2545,9585
4526,5966
1722,9239
2450,3795
6829,1162
4712,3931
4742,9736
9564,1790
7903,2026
9804,3041
5423,4534
2534,1686
11,5936
9616,6081
83,7740
4902,4280
4485,3047
2569,3288
3033,7801
2923,7919
1477,3091
8518,8578
8504,3662
7496,822
4857,9492
430,9514
6324,8506
4720,16
1712,3550
6068,345
1049,5413
8641,3463
3794,7823
1266,9456
5802,6562
2509,765
1242,9341
9515,9314
1058,5247
7479,6226
7057,9323
1024,9806
9146,5947
7462,2767
5359,6314
323,7811
171,7214
7267,3529
2739,6479
2661,3188
6360,3204
3632,5510
3619,8319
167,7274
8980,4545
9132,6755
3466,2732
8650,8289
9179,3017
5886,9982
3897,4910
8443,930
7429,1751
488,4324
1525,7883
1826,4801
2959,1748
8006,5722
2841,6857
1185,717
1358,4944
5256,582
5662,9999
3201,5380
9645,153
9898,6889
2480,1550
5973,4179
1896,473
8830,2194
5339,1753
551,8393
798,6117
1639,6099
8807,3910
1291,3726
3346,2861
5921,2480
669,8282
7171,3605
7563,9331
1933,1716
2655,6229
2765,7192
321,6991
1499,1159
4948,8346
7975,1908
1329,5534
3859,1278
6257,7028
5025,484
894,3709
7149,5692
6836,7339
912,9729
3787,5728
9200,3100
7323,3912
9543,4448
8767,3851
9435,2597
1660,7277
9010,3010
7799,7804
9429,4583
580,4287
3700,9470
4869,2907
6020,7466
1971,7471
1634,2730
4611,9832
197,5272
2162,6884
5842,3244
8415,8668
9672,6277
720,3013
3434,8560
8957,7431
8145,3272
431,8368
2003,8156
3390,3035
836,1129
4099,119
9056,3695
2590,608
5477,8546
8110,6250
2519,296
5719,46
1609,8716
9847,9097
9129,5686
6739,3770
4656,1098
6320,1442
7942,2074
5947,2414
8736,8608
6563,4112
1382,5213
2971,7250
8342,1521
9849,1479
3,3716
3401,2805
1231,8750
3535,4200
2539,7810
6781,2034
9022,3170
2717,182
1045,3610
9894,3397
6477,6645
8350,1298
3845,9733
8104,6018
1207,225
3601,6644
6598,7124
2935,5444
9050,3116
3825,9554
4090,2491
5491,2063
1621,1532
8329,101
6159,7363
1792,5398
1390,6513
1407,1906
904,3068
4910,7191
6304,7091
717,3694
8437,4364
2599,8200
4825,5020
558,9287
1195,828
2979,1210
4423,5189
904,2802
9005,8565
1632,2131
1636,9808
2065,5203
3513,4966
3972,915
4958,7946
1199,9866
3222,2568
8513,2836
1979,232
2173,5305
7608,4227
4533,552
3693,5351
8624,2310
9575,400
7100,8213
7908,8344
870,1222
4664,4758
5978,8366
1865,294
925,900
3129,5045
4818,1474
4395,3658
5076,1216
5097,723
9118,2363
8272,7515
9686,8275
4790,4303
2116,6926
8786,7212
74,3618
4733,327
3773,5219
9023,9926
9051,6504
2760,5471
8210,9453
3822,2829
2638,7779
7372,5940
2002,5357
4019,1488
3929,8374
9048,8175
2405,341
4947,9364
9011,8242
5014,754
8195,3508
6780,1100
9122,8864
3358,3939
5052,6344
1061,2223
905,6806
3294,3631
1506,1788
2376,321
4161,9338
8800,3581
8181,3743
9953,7820
5113,5216
9023,5246
8901,9453
6238,4045
4612,3557
2461,8315
8607,1840
3110,522
5384,6663
6557,1795
7354,2235
8967,5013
2455,7873
8326,8487
465,2251
7506,7632
5387,5655
2869,8158
1153,1402
960,5514
3206,9564
607,9676
7850,6918
6463,5544
2153,3254
4476,4018
7935,7782
6815,7504
4952,7368
3861,7313
9106,2477
2232,1075
3061,8968
9725,9332
331,2403
8894,7966
8066,1765
2379,4901
4955,7320
6288,9526
6802,7156
6042,1753
2973,9500
2471,253
3322,5306
7160,3011
8028,8093
5035,9997
4853,2396
7984,416
4214,8391
1475,9724
5343,7942
7044,7744
4363,1135
1258,4687
6490,7435
3801,7655
4422,2106
8844,8067
9321,7838
4473,7646
1390,1109
1713,638
3071,8497
16,8131
8923,668
4439,1564
3478,4522
8743,3123
2811,2253
5417,6517
7380,6430
2646,2542
2407,1779
9497,5708
6953,4608
2481,7985
6098,2248
775,2825
6158,5791
8187,457
5698,6281
6634,5936
125,6592
4843,5581
3920,3110
6492,3424
7292,9657
160,7844
5544,2914
8605,6858
9321,4690
7734,4929
4390,2432
4442,4088
8177,3343
2962,1464
1657,8024
3402,5489
9454,2577
1836,2485
4640,3467
9857,1595
2106,1115
4628,5807
9587,6527
7210,6826
8177,5518
817,2036
455,4633
5129,8899
2863,9128
6437,8849
5449,389
3008,9702
4591,523
3081,3604
9918,3452
2936,5158
1741,7425
7556,9169
1995,4856
695,2428
8058,6339
2978,8631
1821,5077
5435,9757
9998,8683
8723,354
3960,4911
7165,5336
8178,9180
9671,831
3894,5199
14,7258
3901,9913
1061,4225
4059,5499
7723,3923
8806,6280
2651,2092
4455,336
5945,9153
4350,7656
3552,5732
2545,5675
1833,1933
9915,5910
841,3328
413,203
1271,1948
8622,535
2032,6318
1915,575
7367,9976
9743,8570
8649,8284
5215,4784
669,8569
5935,8206
6078,9020
1782,9497
4350,2803
1163,9261
8512,7941
8027,9361
7822,8989
6602,6918
6505,2355
447,8399
9857,7179
3568,9026
2257,6466
9827,6775
34,7045
8545,5143
339,7487
3821,1413
4245,7937
9625,4183
3194,5861
4646,7396
3177,6666
509,293
862,2475
447,9593
2706,1249
8753,3391
8857,1208
8558,2513
4728,5504
5256,5379
7799,2330
4292,8239
6327,2900
7300,4519
693,3978
5779,3363
763,8543
8328,96
3003,9246
983,4094
8004,3201
484,609
7851,5819
7307,6524
6531,9740
9200,8325
9892,9256
230,5549
6307,1750
4158,8915
2452,543
821,7942
493,1307
5447,1635
4440,2130
348,4924
1853,6157
1375,3855
2976,9378
560,3901
3809,5206
5405,3835
6413,912
5471,720
4151,7189
9681,5777
1245,9839
1212,6665
9350,6193
5276,7783
3134,4827
9856,9756
3610,8337
3331,5287
5982,9115
1970,7405
5538,8985
1159,2192
3508,3008
1555,3653
5312,3371
530,7017
6065,9395
1881,6313
6530,1675
8930,8204
2938,3426
569,709
1538,566
7475,1343
2035,8128
8702,2655
1464,6661
9369,9129
5216,8869
6284,7164
6351,2369
5719,3875
7080,7990
1604,855
3110,8485
1834,8940
4724,1775
7027,2219
4386,4690
2481,8660
9604,1188
6547,1413
3351,2357
9436,1729
4445,9657
9992,850
6810,9452
6795,4196
6710,2710
5642,2389
2399,5708
8251,8508
2667,736
6423,8181
8590,9693
9433,2425
4881,1213
2862,5919
2988,5404
6302,1791
3914,5252
1876,4969
3994,6268
6131,1083
4556,2750
2112,5599
9735,6896
5346,9416
3311,1048
9194,2198
4018,3939
9716,1000
6716,115
3661,2588
1407,9497
4830,2463
7954,4926
2624,8337
3378,4221
3788,1644
776,5071
7878,9487
9261,6969
2303,730
4560,1537
4766,8353
1517,9970
3043,8922
4462,3908
8315,4472
2362,9057
9203,6189
3451,525
1174,637
2973,1287
3441,8526
6705,3243
2649,9753
4703,2924
3314,8585
5327,3872
4043,121
2875,9443
4435,4648
7406,9516
8610,5414
1089,8104
1336,5021
1929,2234
8900,2950
4056,1363
9087,210
8527,8724
9268,8881
9487,9967
5468,7001
2647,5038
248,1621
2532,5561
1283,6503
5555,1516
6596,3346
3076,6996
5826,8993
9316,9276
7140,6180
820,191
9940,9167
7356,7896
8950,889
5789,8702
8175,9491
6627,9510
4503,1422
4548,177
8955,472
979,7210
7949,8624
234,52
470,5075
2431,6844
9816,9171
7929,4974
7984,9302
5050,6163
9675,6179
9841,1333
1368,318
3082,3100
5284,7330
4095,700
6971,942
6131,9618
3432,4287
9141,8098
6792,4984
810,4950
6344,5219
5131,6698
9318,4521
5292,3041
7075,2672
4622,4011
3671,4234
1288,7016
1055,3352
1271,5298
2174,8314
547,279
3043,9959
1173,5523
5987,8727
8606,8940
90,2087
1071,2482
4763,8567
3895,6218
4092,3770
2691,6069
9235,9836
495,3049
9497,2923
7481,4265
9771,3828
6136,5441
8419,4912
5328,4182
4479,8076
4178,8666
4492,1945
6554,6995
342,2653
5790,6392
2585,4218
6260,1324
6272,5517
4609,3587
8896,7860
7815,1628
3508,9252
6571,4432
3524,2237
1105,5519
5948,2002
7125,3974
6705,7916
8192,2137
7829,3816
1584,4409
4124,4174
1893,9068
775,9680
7414,7186
854,9000
214,895
9389,9753
8308,3558
2437,9807
1203,2924
7394,8827
6200,2577
4183,8993
1424,5221
1144,5147
5803,1599
8075,5995
5831,3008
496,6066
6794,991
8789,4402
4163,1691
1507,7897
9430,7524
9181,3608
3892,8244
6351,6028
2666,1695
4179,269
8377,7237
9266,6631
1590,6124
5681,8172
406,8525
5234,3506
6296,4415
7758,1444
625,9638
522,1567
1999,1714
3151,6318
2684,9836
1666,9468
1253,2470
1024,8576
5611,4709
8839,186
8196,1322
8481,1931
4480,1562
7390,9221
4419,9955
8987,610
9776,9187
4706,655
2064,4037
9382,9840
6447,6283
2789,3223
8791,6827
3423,9214
2710,5017
6349,970
8486,2659
9342,1424
4785,4376
2488,9400
5747,6892
4994,6010
9908,274
963,886
8825,4669
7794,9431
6930,3868
8076,2878
9634,3880
2471,7127
1677,6157
1750,9369
7706,2641
8341,6220
3846,3390
5049,616
3329,9353
3034,7838
1776,4574
9528,7765
3995,1807
1819,5819
3269,1238
103,672
4952,1368
6905,755
7464,502
8971,3312
2222,3944
7070,7837
5216,6262
1401,8414
9788,1853
8747,3180
3999,7667
961,3607
7369,4807
6601,292
1567,8195
8084,5234
9942,9796
4819,8008
9798,6400
2775,4408
9901,7539
2683,8289
9459,9109
4240,1551
5219,684
7077,7324
922,7485
6823,2529
7457,9455
9377,2326
3802,9969
2354,5767
5459,2981
3088,7316
2707,4105
195,5922
9704,959
3055,5324
5626,9749
324,6668
1009,489
6476,6101
5868,8136
4077,975
920,3714
1760,9515
9228,8850
631,8013
4067,6108
8329,7351
7986,6357
9449,1911
7729,8430
2786,5071
8755,8592
2068,2502
6946,5539
8821,7023
6342,8244
8420,7983
102,5878
8179,5723
6859,5671
9659,7183
6877,7238
5300,2337
6929,7332
9651,893
8146,8388
614,5499
510,5257
7981,4270
6371,1054
2192,5838
7486,431
3486,5082
1783,6219
5103,1980
888,5387
8827,197
2108,6512
5267,1614
2730,3700
9749,8476
4588,5720
3984,5258
4948,6561
4034,4953
7491,9034
3911,4755
8416,9984
9172,8289
8885,7588
2535,9539
3039,6549
6600,3140
3603,4128
8845,8518
8862,8791
5236,896
2267,907
5843,3407
943,6450
835,2593
5977,6992
8769,3619
6656,6893
5004,6434
4798,9163
8844,9269
432,2042
4499,6444
3439,7300
3864,2313
9900,5593
7793,5576
9898,8486
9873,8919
1370,9022
7844,6726
4361,1513
1299,8884
3861,4851
1720,3060
1480,5442
3417,8201
9780,5848
5311,7909
1273,9694
4205,7881
5292,5630
2265,5448
4855,6262
2536,8511
3186,2628
6667,6254
8199,8774
7071,2718
6989,6181
6733,4042
6998,871
2420,6563
8517,8276
8948,704
6909,5158
318,1358
2242,4080
9935,7669
8803,7936
6078,7223
3253,8562
415,4104
8077,7583
3594,7000
619,4495
4718,2287
1220,7553
6811,2140
8163,1551
9463,7267
6329,788
2574,841
3894,6753
9484,4236
6865,2035
1893,4617
154,930
2644,5950
1062,2482
3732,7676
3944,422
9113,7727
2084,6930
48,2238
4632,4912
7669,6941
6061,3600
3159,5558
8924,583
9522,817
2903,9259
3973,5789
2066,3819
4277,4635
8465,9685
2919,8459
465,5448
9558,446
6524,9588
8230,1226
7847,4259
8568,5460
4794,7762
8759,1191
946,4422
927,5615
8434,1820
5527,5426
6984,8149
8787,6714
2828,7947
3774,7243
8911,2389
1528,1890
948,2427
1955,7089
7928,3005
801,6613
927,7824
9076,2514
4712,2595
507,1171
2527,8621
5662,6628
4920,9090
6220,7537
6486,3038
7144,9667
6361,8195
1525,8868
8609,9192
6388,8285
2978,9275
5123,9459
4520,5387
2297,1084
5571,1099
9965,820
5751,1675
7987,8236
9003,1536
8066,2306
1759,3506
2723,792
379,8432
9123,4951
2841,1670
1541,7132
298,1808
822,238
9652,447
4223,9330
2072,5675
1566,5167
1666,4775
5579,9741
4935,6873
9390,7324
7267,7604
883,6376
1488,5745
525,2044
4963,6073
525,5929
4543,7452
31,9380
4723,2964
4166,276
5279,6883
2556,8589
4853,6883
5163,167
6488,8232
2402,6057
9338,3488
8691,3699
5230,18
5748,9151
3577,2994
3967,1940
1439,893
9130,8133
8538,1008
7238,635
6396,8898
7469,6526
2476,1142
8431,9760
4419,7409
9581,1265
3914,9710
7844,48
6572,9648
9288,8397
2134,4201
8650,2641
1084,1602
2982,8990
1263,6215
7788,7114
6965,6684
502,4016
356,2202
2737,866
3048,2412
7516,1017
5846,7917
9111,1757
8289,3061
9789,7759
3291,4247
4362,4258
8260,6551
9076,511
1360,5579
314,2173
6890,3351
2878,4819
5077,7119
625,5472
3885,4924
8188,5626
9572,5435
1533,2409
9301,8489
9226,1274
4173,9500
287,3614
6662,7246
8275,4110
6294,9978
8932,7564
9663,9695
1535,1083
5526,435
114,4948
6378,3311
2334,5328
2059,6272
1626,1942
9014,6581
6025,6909
647,1028
3747,4925
237,6498
1001,365
3678,2872
115,2284
1281,4256
9608,8512
8217,2982
1212,5854
8278,76
6098,4070
3386,3393
9096,4633
2878,9370
4250,1665
7098,5135
8172,4992
6898,9206
7090,8003
8558,9921
2500,7860
4272,8020
5014,3120
5487,2025
7797,1046
2502,151
211,3966
4416,7058
6044,5339
405,371
8623,9753
3372,9921
4200,7157
4400,9911
8067,6373
687,5514
8573,6953
4174,4222
2840,6007
3447,9190
497,5943
5231,9955
246,2902
4673,1784
6818,8556
3860,5798
1689,7624
6050,682
4770,3372
8589,6333
9924,9206
1161,4808
9899,5379
4896,6756
2268,5139
9879,3809
5787,1678
2520,3910
5494,2837
296,6817
1803,5341
6596,9942
3464,4037
9432,7879
8669,7393
978,839
5313,5115
1936,9514
8910,9609
1281,309
241,2576
8128,821
8645,363
4039,1184
9270,2138
9949,7568
4704,634
7619,8366
863,5483
3765,4540
6952,4055
4041,733
780,2815
4048,2505
3909,1125
9452,1216
7157,2481
9677,9358
5648,4262
9082,2465
3157,5604
7434,8968
8731,1983
6085,1037
4190,2459
10,1000
3809,2626
1312,8046
2959,4229
4199,1255
376,6736
6912,4125
5056,4882
2586,8218
6979,3105
6988,957
1822,290
7079,6337
1190,1874
7965,866
2195,9672
1098,1752
3600,2945
4833,6962
1293,8289
5386,3278
7537,4231
8641,7936
6400,6184
8987,4499
7098,5148
530,7
2812,4561
977,1125
3282,1464
1758,2444
3469,7931
4442,5163
7573,8038
6007,2151
4713,9754
9304,2000
603,9744
2975,48
3188,7560
794,3064
5743,8614
6002,2555
8128,5105
7118,3669
9656,3781
7763,4984
9128,3810
2873,9068
1923,6964
4517,850
1129,4246
1083,7993
8494,1968
8264,7904
2074,2549
4683,4371
5102,3244
2332,1974
4781,917
3070,7362
9860,2358
7025,3602
1224,8280
3553,6673
1399,8005
3912,7419
4282,3045
8980,5411
2370,4787
9521,7703
8245,8325
2154,9424
2537,7172
210,7373
8834,8993
3923,7650
882,201
974,832
9974,9332
4049,5532
3541,1233
5435,8436
2204,5911
5913,1478
1561,828
6751,8499
3759,1498
5218,7038
8215,9739
1344,2192
8172,1388
9460,2103
6168,8272
3668,9948
7947,8444
2431,8251
4208,8481
6484,6720
2704,5332
2774,704
46,3999
5618,8823
1697,9098
1094,189
1,9306
1076,4472
2338,9741
1439,4337
9184,9765
967,1948
5123,3713
7231,1443
4810,9840
5287,6077
8808,6738
4341,6695
4047,9017
4408,3529
7507,9859
7521,9286
9808,9838
2322,6131
1934,1977
3744,450
5187,48
1035,2897
1318,737
8927,9903
8721,2274
758,81
7967,2621
5423,809
4593,9567
4408,4783
1780,1258
667,1672
3788,9215
9006,2432
3485,3365
2107,2156
1094,5944
3501,168
2295,8166
1296,7872
2707,4927
7569,1266
7734,2081
47,7877
2294,3934
5574,5902
7571,8372
1541,7120
7404,7789
4544,5559
5443,9982
2919,1611
3125,9766
5275,3879
5074,1222
8696,7411
8932,3050
1172,3750
4184,5524
5920,2252
8964,4118
624,5643
3578,9166
8535,8490
7276,5603
621,5747
2660,3907
3039,8700
5697,8256
9412,3652
6844,5330
2383,5989
4209,9563
6584,9675
1112,171
8628,6083
9137,2729
9061,617
7753,2962
2482,5768
2698,7229
9570,3276
1020,5824
9881,662
245,9905
5306,4403
1584,8536
2833,9446
2028,8435
5187,945
4036,8119
534,7805
2756,2213
7558,8791
6779,3644
9201,5428
5394,281
8063,8559
1889,8348
7217,4170
5143,8749
4430,5941
7035,9175
4708,4238
2739,9125
1448,1057
3287,1167
1587,5415
7382,9988
4389,7644
1484,3685
3156,6183
3484,1553
769,8326
5221,2841
4929,8300
3997,1340
6726,9061
9614,743
3132,4909
8010,9725
6070,2689
6436,9846
9159,22
1008,8446
6486,5636
4096,9433
7260,8930
6685,2609
8555,9993
1651,2931
2974,4082
5623,1918
3283,2681
8257,2343
469,6003
2055,8544
9382,5831
8507,2962
9025,6838
3526,5990
5246,7761
5135,174
600,4712
9684,1051
1037,3969
5016,6595
3267,9669
3049,2710
7484,5117
1139,4881
8381,4668
5009,4232
4722,3616
7477,4905
6420,5320
2938,6298
1138,9214
2322,3532
5351,3129
4241,3915
8636,9941
4876,358
4692,2390
5340,1695
1705,6496
2452,6894
7797,8420
481,3707
1935,4748
5619,1714
1826,7228
3709,10000
9156,1998
5448,755
9646,6606
1890,8877
1750,5915
8932,3374
8107,7549
1056,275
6584,3439
1177,3363
8123,3191
1393,2500
7664,5907
1756,1415
6639,6366
7382,1972
5614,9092
4845,1307
8048,7534
1978,5838
3698,7968
1086,4812
4366,2475
497,2582
5591,4709
2947,5484
3939,8586
2424,3831
9505,7331
7174,3863
1923,3499
3692,8685
7599,770
2130,6262
3575,1043
6677,4732
576,311
2308,5422
7243,6288
123,360
3677,1934
8768,5031
4368,1894
7586,6053
773,6133
5699,3535
6962,773
7550,1782
2547,4402
3147,7532
8858,8021
5503,2498
5688,3887
287,1401
7814,9574
7070,1057
6354,3201
9849,5055
7737,8396
2941,3843
9596,7461
8305,2998
964,864
8799,1849
1268,767
1875,6308
2362,8800
2303,9702
5368,1012
7460,9099
2101,5436
8217,7693
207,9988
1042,9630
9120,4707
8631,2411
3232,7454
7172,5685
8093,2220
5562,5134
5293,727
3897,1712
1356,9980
7680,8235
2860,870
2953,7234
7732,8801
5689,9367
1836,2623
9564,5390
6695,3786
3303,6346
6989,749
2185,9929
1501,8488
3140,7088
6896,8329
2318,606
9471,7737
134,868
6059,864
491,3695
9314,7700
896,306
7764,5572
6792,494
5342,8179
166,7547
6136,2357
6616,1763
9242,3033
3445,8336
4226,3792
550,2104
6133,7479
2608,8986
91,9457
9328,9965
4866,3212
9760,4925
3602,468
9796,2316
8353,1316
9366,1799
6225,1933
8832,5688
8582,4632
4724,1690
5634,5442
1102,2648
6983,8022
416,8740
6245,6564
9529,2915
4213,956
2158,6290
3230,4186
6260,2057
6276,5942
4032,6896
3669,5694
4816,6472
8259,1949
7340,6531
6438,4637
6991,2166
4890,2778
1948,8871
2020,7652
4704,6177
8310,261
6052,3211
7613,5071
3806,4145
5682,4
4606,6574
3619,2373
4150,3080
2786,3729
4740,8158
4451,9928
3805,2956
4605,3238
2511,2820
3789,6065
5043,6222
9763,2298
7642,5278
540,9459
6806,6705
6938,5839
1259,4114
7113,4597
1263,9184
7841,6787
3517,2812
4449,5215
8260,8622
5766,9583
8574,5794
2420,5972
5315,4942
8610,2992
7870,4343
582,8123
6666,5135
1784,4082
784,1370
8694,1875
8848,8368
5116,2651
2231,2305
5441,5542
800,2642
7796,1497
3660,5747
2416,7694
8042,8916
3681,295
1886,2955
2703,8684
7855,9097
2157,6515
6408,128
4152,6486
9450,3275
9871,455
3459,5158
2200,3650
6602,7598
8640,6643
899,6129
4009,5238
3637,9054
2554,8790
7787,7751
2595,6017
6331,8769
4821,3201
2604,3256
2922,7991
6469,5194
8850,9925
5655,2403
2903,1322
9475,2621
2538,3039
7423,587
6031,796
7554,1888
4083,8809
3903,6835
3866,5158
2688,1572
6917,9786
6778,1997
3041,4760
3338,2676
5693,3198
7525,2911
518,9655
9314,4100
5262,7972
7015,2640
4841,6460
424,5472
3418,2844
6747,6250
7813,5484
8662,2621
6450,7495
7688,4699
5226,4868
449,8583
978,4930
7805,9604
7363,2268
2876,5828
3589,9880
2736,7494
4493,4421
6236,1327
1720,8223
1412,2142
8612,7513
5785,7306
7372,3698
5206,1277
4055,9218
9186,5583
3805,645
8976,5781
7043,3511
1032,1846
3228,7109
1627,3603
9867,2585
158,8124
534,3140
1261,1196
636,8700
8892,3213
5097,3292
6356,520
698,481
686,4251
5257,2754
7068,2229
7290,7332
6170,9020
7954,1340
8356,8856
1025,2664
388,8541
8201,6417
2884,9543
3184,5002
4925,2569
6940,1207
8700,6269
3691,6198
3398,4762
6404,1115
8084,6818
2885,9672
8856,8974
5758,3127
2751,203
6405,2545
450,399
2546,1334
6587,6808
5093,2713
6546,3939
8747,2279
9738,7793
244,2208
4992,7453
3305,9476
4245,9304
6648,7600
5270,6018
8137,2945
6373,2384
9474,7616
237,1729
1723,9115
2898,7216
3731,8644
5222,6032
9426,4483
2013,9248
5463,7414
2995,8266
8466,8711
2966,3363
5386,5997
4529,4040
6844,7538
4453,3667
5784,2056
525,5186
4281,6839
8345,9632
8554,1131
7426,1232
3815,5553
7759,4877
8674,4232
6653,1535
6150,6805
9970,8714
4263,7047
7274,4078
1006,250
8618,8214
5699,3915
6118,1380
9268,4073
8546,5110
6777,9732
5442,8159
9082,6842
7383,8769
2086,4241
4926,6099
2950,4204
5602,8477
5820,8708
4279,7319
9007,7768
2056,4545
9572,5642
5700,4234
8014,841
8052,2092
5721,4769
8609,5438
9986,2794
7987,4810
4307,5431
3307,5932
9857,7110
6492,2629
3326,1691
2030,1697
4070,6564
2343,4911
3667,7215
7011,3667
916,5300
1770,4740
4264,4343
3578,828
8434,6405
2334,8699
9363,9171
1337,4217
3427,2785
6700,1263
7994,4128
2445,9299
2782,3215
9303,3772
7567,7467
8212,9273
5749,3890
897,9779
3639,6169
5983,8872
4202,2353
3331,6531
6913,7536
7950,3746
6943,850
8087,3800
380,391
7750,2683
5805,3237
9031,3503
6260,2409
4522,5238
5922,9066
6428,2449
6030,2450
4837,2873
3179,7029
2584,6792
8474,919
964,8880
8281,5163
1873,7902
8479,6317
7310,6955
40,9539
2043,7999
3150,250
8904,7071
9995,7498
4857,4145
480,9564
2281,6805
5457,1826
552,5466
4899,3524
2630,3934
746,9424
1416,4926
9133,208
5621,6968
2261,376
8268,5720
2577,9890
4717,4135
5515,351
2560,432
5921,3870
8628,7451
6372,7192
6561,4610
5209,1342
7250,648
4342,3816
5239,9529
8378,6022
9958,7122
9032,3062
6083,6382
7684,4744
6220,4540
3150,4543
3167,454
1923,8484
2139,6805
5640,8563
8624,785
4116,4163
319,6081
2871,3817
5605,2519
3186,669
9343,485
87,9137
3623,7106
9356,3763
8350,1651
5963,5436
8858,2587
2617,6910
5358,649
4632,6884
7940,6283
128,6848
765,9823
185,4025
8844,9925
4630,6257
4403,1633
8338,597
3877,4260
2108,4069
2659,4990
534,8756
7207,7040
3364,548
6569,2453
334,8908
8959,9197
247,6925
5615,4747
5253,7582
1229,4588
7466,1565
5650,3831
9432,6834
4842,646
6952,898
579,4478
1453,3199
5520,5284
6684,462
5137,4043
3131,9094
9700,8421
1498,2260
2074,1887
1537,9514
5977,6633
7261,4409
22,4612
2821,3159
3144,1514
6586,8801
1902,6576
8394,7629
2305,3279
4943,348
9193,1033
8159,7196
2011,287
6976,5221
6035,9891
7243,8391
1519,2272
4887,8523
4753,5106
6934,8459
5738,547
1026,4350
8510,7273
1495,8118
6078,9792
8074,5325
1117,3468
2217,5077
7913,2880
870,9835
2741,7354
9327,8453
2506,8069
9614,6515
5458,1491
3874,6958
8172,5496
7702,1299
3267,3244
8010,2591
8965,4493
962,9975
1268,6998
9137,7448
240,8977
5382,6694
3083,8805
6889,3893
2813,2728
3390,1276
1296,4199
1601,3607
2152,9112
8504,6311
9212,3670
784,1111
238,3032
969,3848
4037,7574
2282,8554
9276,1683
5622,6540
3698,8303
279,7514
5346,7617
9092,9678
125,7563
2347,7683
7117,4888
680,4399
4248,6886
1459,7257
2610,2913
1233,8611
6474,3969
3430,4088
1090,6076
6822,4447
3862,6539
5042,526
1624,6094
8372,7675
8802,638
5206,450
4431,1710
578,3028
1644,9905
5954,2892
4364,6720
6182,6953
4628,6021
398,5594
3198,4748
2165,6309
4730,9475
1903,8360
3556,5484
6710,8162
5246,4794
2158,5706
459,4038
3268,450
8215,2313
9994,7506
4056,7347
9616,1020
8997,1298
1444,3548
7329,3052
7570,4328
2900,512
3687,300
7550,3409
7878,2628
4399,7165
513,4581
8129,2881
3351,2388
6077,9146
1739,2500
8588,3931
4652,2648
727,5064
5202,9551
8204,8143
1879,4055
288,7654
1796,7250
407,275
1339,1361
925,4985
3354,18
859,7147
8917,4160
5895,5003
3271,2967
1028,4802
7493,4659
7972,7392
1514,4588
7806,7268
2626,6246
2944,1046
5890,716
9468,648
2209,9033
4837,9011
3739,2512
494,3238
201,7021
1395,762
8815,6725
3418,8299
5445,8373
7956,6050
4239,4175
3431,9389
2472,1384
8011,935
4871,7359
8225,6569
9055,3727
1997,2366
